run_date,sid,label,thesis,rs,mom,quad,disp,disp_pct
2026-08-14,EXV1.DE,Banks,0,1.8964,0.5137,LEADING,3.3671,23.02
2026-08-14,EXV2.DE,Télécoms,0,-1.2963,-0.1159,LAGGING,3.3671,23.02
2026-08-14,EXV3.DE,Technology,0,0.8901,0.1698,LEADING,3.3671,23.02
2026-08-14,EXV4.DE,Health Care,1,-1.9198,-1.0329,LAGGING,3.3671,23.02
2026-08-14,EXV5.DE,Auto & Parts,0,-1.2743,0.4823,IMPROVING,3.3671,23.02
2026-08-14,EXV6.DE,Basic Resources,0,-0.5416,0.3709,IMPROVING,3.3671,23.02
2026-08-14,EXV7.DE,Chemicals,0,0.1013,-1.0406,WEAKENING,3.3671,23.02
2026-08-14,EXV8.DE,Construction,0,-1.5252,0.0759,IMPROVING,3.3671,23.02
2026-08-14,EXV9.DE,Travel & Leisure,0,-0.4932,-1.0019,LAGGING,3.3671,23.02
2026-08-14,EXH1.DE,Oil & Gas,0,-0.0592,0.1754,IMPROVING,3.3671,23.02
2026-08-14,EXH2.DE,Financial Svs,0,1.2414,-0.776,WEAKENING,3.3671,23.02
2026-08-14,EXH3.DE,Food & Beverage,1,-0.8392,-0.975,LAGGING,3.3671,23.02
2026-08-14,EXH4.DE,Indus. G&S,0,2.2398,2.1818,LEADING,3.3671,23.02
2026-08-14,EXH5.DE,Insurance,0,1.2357,-0.5027,WEAKENING,3.3671,23.02
2026-08-14,EXH6.DE,Media,0,1.5212,0.4072,LEADING,3.3671,23.02
2026-08-14,EXH7.DE,Pers.& Household,1,-1.4065,-1.2277,LAGGING,3.3671,23.02
2026-08-14,EXH8.DE,Retail,0,0.5351,0.1851,LEADING,3.3671,23.02
2026-08-14,EXH9.DE,Utilities,0,-2.1688,-1.6414,LAGGING,3.3671,23.02
2026-08-17,EXV1.DE,Banks,0,1.8689,0.4809,LEADING,4.2314,55.56
2026-08-17,EXV2.DE,Télécoms,0,-1.2847,0.0791,IMPROVING,4.2314,55.56
2026-08-17,EXV3.DE,Technology,0,1.0279,0.3578,LEADING,4.2314,55.56
2026-08-17,EXV4.DE,Health Care,1,-1.8133,-1.0019,LAGGING,4.2314,55.56
2026-08-17,EXV5.DE,Auto & Parts,0,-1.1856,0.5493,IMPROVING,4.2314,55.56
2026-08-17,EXV6.DE,Basic Resources,0,-0.3015,0.7762,IMPROVING,4.2314,55.56
2026-08-17,EXV7.DE,Chemicals,0,-0.095,-1.4137,LAGGING,4.2314,55.56
2026-08-17,EXV8.DE,Construction,0,-1.6472,0.1311,IMPROVING,4.2314,55.56
2026-08-17,EXV9.DE,Travel & Leisure,0,-0.4239,-0.7812,LAGGING,4.2314,55.56
2026-08-17,EXH1.DE,Oil & Gas,0,-0.0655,0.2341,IMPROVING,4.2314,55.56
2026-08-17,EXH2.DE,Financial Svs,0,1.2352,-0.436,WEAKENING,4.2314,55.56
2026-08-17,EXH3.DE,Food & Beverage,1,-1.5128,-1.6819,LAGGING,4.2314,55.56
2026-08-17,EXH4.DE,Indus. G&S,0,2.479,2.5668,LEADING,4.2314,55.56
2026-08-17,EXH5.DE,Insurance,0,1.1954,-0.6973,WEAKENING,4.2314,55.56
2026-08-17,EXH6.DE,Media,0,1.2359,-0.0262,WEAKENING,4.2314,55.56
2026-08-17,EXH7.DE,Pers.& Household,1,-1.7052,-1.8573,LAGGING,4.2314,55.56
2026-08-17,EXH8.DE,Retail,0,0.1069,-0.3553,WEAKENING,4.2314,55.56
2026-08-17,EXH9.DE,Utilities,0,-2.1805,-1.2956,LAGGING,4.2314,55.56
2026-08-18,EXV1.DE,Banks,0,1.7577,0.3112,LEADING,3.7716,39.68
2026-08-18,EXV2.DE,Télécoms,0,-1.2843,0.0794,IMPROVING,3.7716,39.68
2026-08-18,EXV3.DE,Technology,0,0.7295,0.0473,LEADING,3.7716,39.68
2026-08-18,EXV4.DE,Health Care,1,-1.0534,-0.0934,LAGGING,3.7716,39.68
2026-08-18,EXV5.DE,Auto & Parts,0,-1.3451,0.3275,IMPROVING,3.7716,39.68
2026-08-18,EXV6.DE,Basic Resources,0,-0.4789,0.6493,IMPROVING,3.7716,39.68
2026-08-18,EXV7.DE,Chemicals,0,-0.1749,-1.4824,LAGGING,3.7716,39.68
2026-08-18,EXV8.DE,Construction,0,-1.9753,-0.1464,LAGGING,3.7716,39.68
2026-08-18,EXV9.DE,Travel & Leisure,0,-0.7838,-1.0323,LAGGING,3.7716,39.68
2026-08-18,EXH1.DE,Oil & Gas,0,0.1835,0.4124,LEADING,3.7716,39.68
2026-08-18,EXH2.DE,Financial Svs,0,1.3265,-0.3524,WEAKENING,3.7716,39.68
2026-08-18,EXH3.DE,Food & Beverage,1,-1.5525,-1.7052,LAGGING,3.7716,39.68
2026-08-18,EXH4.DE,Indus. G&S,0,1.377,1.8075,LEADING,3.7716,39.68
2026-08-18,EXH5.DE,Insurance,0,1.5177,-0.352,WEAKENING,3.7716,39.68
2026-08-18,EXH6.DE,Media,0,1.397,0.0876,LEADING,3.7716,39.68
2026-08-18,EXH7.DE,Pers.& Household,1,-1.6793,-1.8318,LAGGING,3.7716,39.68
2026-08-18,EXH8.DE,Retail,0,0.2422,-0.2583,WEAKENING,3.7716,39.68
2026-08-18,EXH9.DE,Utilities,0,-1.8018,-1.0025,LAGGING,3.7716,39.68
2026-08-19,EXV1.DE,Banks,0,1.6556,0.1767,LEADING,3.9214,45.24
2026-08-19,EXV2.DE,Télécoms,0,-1.227,0.1244,IMPROVING,3.9214,45.24
2026-08-19,EXV3.DE,Technology,0,0.7313,0.0521,LEADING,3.9214,45.24
2026-08-19,EXV4.DE,Health Care,1,-1.0479,-0.0982,LAGGING,3.9214,45.24
2026-08-19,EXV5.DE,Auto & Parts,0,-1.3216,0.3584,IMPROVING,3.9214,45.24
2026-08-19,EXV6.DE,Basic Resources,0,-0.3901,0.7167,IMPROVING,3.9214,45.24
2026-08-19,EXV7.DE,Chemicals,0,-0.0433,-1.3625,LAGGING,3.9214,45.24
2026-08-19,EXV8.DE,Construction,0,-1.8045,-0.0067,LAGGING,3.9214,45.24
2026-08-19,EXV9.DE,Travel & Leisure,0,-0.91,-1.1189,LAGGING,3.9214,45.24
2026-08-19,EXH1.DE,Oil & Gas,0,0.2911,0.49,LEADING,3.9214,45.24
2026-08-19,EXH2.DE,Financial Svs,0,1.3375,-0.3404,WEAKENING,3.9214,45.24
2026-08-19,EXH3.DE,Food & Beverage,1,-1.7316,-1.8177,LAGGING,3.9214,45.24
2026-08-19,EXH4.DE,Indus. G&S,0,1.4979,1.8902,LEADING,3.9214,45.24
2026-08-19,EXH5.DE,Insurance,0,1.4176,-0.4726,WEAKENING,3.9214,45.24
2026-08-19,EXH6.DE,Media,0,1.3469,0.0523,LEADING,3.9214,45.24
2026-08-19,EXH7.DE,Pers.& Household,1,-1.6398,-1.8211,LAGGING,3.9214,45.24
2026-08-19,EXH8.DE,Retail,0,0.1931,-0.295,WEAKENING,3.9214,45.24
2026-08-19,EXH9.DE,Utilities,0,-1.7682,-0.9928,LAGGING,3.9214,45.24
2026-08-20,EXV1.DE,Banks,0,1.5047,0.1661,LEADING,3.0611,12.3
2026-08-20,EXV2.DE,Télécoms,0,-1.2474,0.0392,IMPROVING,3.0611,12.3
2026-08-20,EXV3.DE,Technology,0,0.5798,0.1562,LEADING,3.0611,12.3
2026-08-20,EXV4.DE,Health Care,1,-0.4293,0.6256,IMPROVING,3.0611,12.3
2026-08-20,EXV5.DE,Auto & Parts,0,-1.096,0.8471,IMPROVING,3.0611,12.3
2026-08-20,EXV6.DE,Basic Resources,0,-0.1981,1.0562,IMPROVING,3.0611,12.3
2026-08-20,EXV7.DE,Chemicals,0,0.1479,-1.2366,WEAKENING,3.0611,12.3
2026-08-20,EXV8.DE,Construction,0,-1.7197,0.0741,IMPROVING,3.0611,12.3
2026-08-20,EXV9.DE,Travel & Leisure,0,-0.7713,-0.6612,LAGGING,3.0611,12.3
2026-08-20,EXH1.DE,Oil & Gas,0,0.4297,0.2972,LEADING,3.0611,12.3
2026-08-20,EXH2.DE,Financial Svs,0,1.3696,0.0002,LEADING,3.0611,12.3
2026-08-20,EXH3.DE,Food & Beverage,1,-1.1662,-1.6864,LAGGING,3.0611,12.3
2026-08-20,EXH4.DE,Indus. G&S,0,1.0014,1.6182,LEADING,3.0611,12.3
2026-08-20,EXH5.DE,Insurance,0,0.9589,-1.3518,WEAKENING,3.0611,12.3
2026-08-20,EXH6.DE,Media,0,1.5256,0.3706,LEADING,3.0611,12.3
2026-08-20,EXH7.DE,Pers.& Household,1,-1.4629,-1.6,LAGGING,3.0611,12.3
2026-08-20,EXH8.DE,Retail,0,0.5326,0.0922,LEADING,3.0611,12.3
2026-08-20,EXH9.DE,Utilities,0,-1.953,-1.6818,LAGGING,3.0611,12.3
2026-08-24,EXV1.DE,Banks,0,1.5001,-0.1058,WEAKENING,3.5796,33.33
2026-08-24,EXV2.DE,Télécoms,0,-1.3181,0.3761,IMPROVING,3.5796,33.33
2026-08-24,EXV3.DE,Technology,0,0.4767,0.1289,LEADING,3.5796,33.33
2026-08-24,EXV4.DE,Health Care,1,-0.6519,0.2587,IMPROVING,3.5796,33.33
2026-08-24,EXV5.DE,Auto & Parts,0,-1.0492,1.3906,IMPROVING,3.5796,33.33
2026-08-24,EXV6.DE,Basic Resources,0,1.0258,1.4498,LEADING,3.5796,33.33
2026-08-24,EXV7.DE,Chemicals,0,0.8537,0.0393,LEADING,3.5796,33.33
2026-08-24,EXV8.DE,Construction,0,-1.6314,0.3985,IMPROVING,3.5796,33.33
2026-08-24,EXV9.DE,Travel & Leisure,0,-0.4264,-0.0673,LAGGING,3.5796,33.33
2026-08-24,EXH1.DE,Oil & Gas,0,-0.0612,-0.225,LAGGING,3.5796,33.33
2026-08-24,EXH2.DE,Financial Svs,0,1.4883,0.1913,LEADING,3.5796,33.33
2026-08-24,EXH3.DE,Food & Beverage,1,-0.5719,-0.2353,LAGGING,3.5796,33.33
2026-08-24,EXH4.DE,Indus. G&S,0,0.7107,0.7367,LEADING,3.5796,33.33
2026-08-24,EXH5.DE,Insurance,0,1.1479,-1.0245,WEAKENING,3.5796,33.33
2026-08-24,EXH6.DE,Media,0,1.5362,0.6831,LEADING,3.5796,33.33
2026-08-24,EXH7.DE,Pers.& Household,1,-1.0055,-0.1316,LAGGING,3.5796,33.33
2026-08-24,EXH8.DE,Retail,0,0.6427,0.3705,LEADING,3.5796,33.33
2026-08-24,EXH9.DE,Utilities,0,-2.0177,-1.657,LAGGING,3.5796,33.33
2026-08-25,EXV1.DE,Banks,0,1.5204,-0.0728,WEAKENING,3.3577,25.0
2026-08-25,EXV2.DE,Télécoms,0,-1.2899,0.4004,IMPROVING,3.3577,25.0
2026-08-25,EXV3.DE,Technology,0,0.4688,0.1207,LEADING,3.3577,25.0
2026-08-25,EXV4.DE,Health Care,1,-0.6645,0.2453,IMPROVING,3.3577,25.0
2026-08-25,EXV5.DE,Auto & Parts,0,-1.3917,0.9618,IMPROVING,3.3577,25.0
2026-08-25,EXV6.DE,Basic Resources,0,0.7748,1.2725,LEADING,3.3577,25.0
2026-08-25,EXV7.DE,Chemicals,0,0.7129,-0.0824,WEAKENING,3.3577,25.0
2026-08-25,EXV8.DE,Construction,0,-1.5557,0.4641,IMPROVING,3.3577,25.0
2026-08-25,EXV9.DE,Travel & Leisure,0,-0.0765,0.1815,IMPROVING,3.3577,25.0
2026-08-25,EXH1.DE,Oil & Gas,0,-0.0711,-0.2315,LAGGING,3.3577,25.0
2026-08-25,EXH2.DE,Financial Svs,0,1.5471,0.2541,LEADING,3.3577,25.0
2026-08-25,EXH3.DE,Food & Beverage,1,-0.8642,-0.4095,LAGGING,3.3577,25.0
2026-08-25,EXH4.DE,Indus. G&S,0,1.1116,1.0049,LEADING,3.3577,25.0
2026-08-25,EXH5.DE,Insurance,0,1.2319,-0.938,WEAKENING,3.3577,25.0
2026-08-25,EXH6.DE,Media,0,1.5611,0.7034,LEADING,3.3577,25.0
2026-08-25,EXH7.DE,Pers.& Household,1,-1.2459,-0.3424,LAGGING,3.3577,25.0
2026-08-25,EXH8.DE,Retail,0,0.6602,0.383,LEADING,3.3577,25.0
2026-08-25,EXH9.DE,Utilities,0,-1.9137,-1.5736,LAGGING,3.3577,25.0
2026-08-26,EXV1.DE,Banks,0,1.4212,-0.4343,WEAKENING,4.0612,51.59
2026-08-26,EXV2.DE,Télécoms,0,-1.233,0.2679,IMPROVING,4.0612,51.59
2026-08-26,EXV3.DE,Technology,0,0.2534,0.1626,LEADING,4.0612,51.59
2026-08-26,EXV4.DE,Health Care,1,-0.3007,0.1613,IMPROVING,4.0612,51.59
2026-08-26,EXV5.DE,Auto & Parts,0,-1.3698,0.559,IMPROVING,4.0612,51.59
2026-08-26,EXV6.DE,Basic Resources,0,1.1726,1.7703,LEADING,4.0612,51.59
2026-08-26,EXV7.DE,Chemicals,0,0.6606,-0.0559,WEAKENING,4.0612,51.59
2026-08-26,EXV8.DE,Construction,0,-1.2524,0.8202,IMPROVING,4.0612,51.59
2026-08-26,EXV9.DE,Travel & Leisure,0,0.2258,-0.042,WEAKENING,4.0612,51.59
2026-08-26,EXH1.DE,Oil & Gas,0,-0.3994,-0.1915,LAGGING,4.0612,51.59
2026-08-26,EXH2.DE,Financial Svs,0,1.522,-0.1029,WEAKENING,4.0612,51.59
2026-08-26,EXH3.DE,Food & Beverage,1,-1.0439,-0.5696,LAGGING,4.0612,51.59
2026-08-26,EXH4.DE,Indus. G&S,0,1.2785,1.0691,LEADING,4.0612,51.59
2026-08-26,EXH5.DE,Insurance,0,1.3393,-0.9503,WEAKENING,4.0612,51.59
2026-08-26,EXH6.DE,Media,0,1.2284,-0.1264,WEAKENING,4.0612,51.59
2026-08-26,EXH7.DE,Pers.& Household,1,-1.2058,-0.49,LAGGING,4.0612,51.59
2026-08-26,EXH8.DE,Retail,0,0.721,-0.1621,WEAKENING,4.0612,51.59
2026-08-26,EXH9.DE,Utilities,0,-1.8009,-1.2285,LAGGING,4.0612,51.59
2026-08-27,EXV1.DE,Banks,0,1.3397,-0.2795,WEAKENING,4.1832,54.37
2026-08-27,EXV2.DE,Télécoms,0,-1.2591,0.0578,IMPROVING,4.1832,54.37
2026-08-27,EXV3.DE,Technology,0,0.5927,0.5647,LEADING,4.1832,54.37
2026-08-27,EXV4.DE,Health Care,1,-0.7773,-0.7212,LAGGING,4.1832,54.37
2026-08-27,EXV5.DE,Auto & Parts,0,-1.4193,-0.0191,LAGGING,4.1832,54.37
2026-08-27,EXV6.DE,Basic Resources,0,0.9476,1.6641,LEADING,4.1832,54.37
2026-08-27,EXV7.DE,Chemicals,0,0.2895,-0.6299,WEAKENING,4.1832,54.37
2026-08-27,EXV8.DE,Construction,0,-1.4347,0.4439,IMPROVING,4.1832,54.37
2026-08-27,EXV9.DE,Travel & Leisure,0,0.1341,-0.2945,WEAKENING,4.1832,54.37
2026-08-27,EXH1.DE,Oil & Gas,0,-0.2983,0.193,IMPROVING,4.1832,54.37
2026-08-27,EXH2.DE,Financial Svs,0,1.685,-0.0428,WEAKENING,4.1832,54.37
2026-08-27,EXH3.DE,Food & Beverage,1,-1.5265,-1.6088,LAGGING,4.1832,54.37
2026-08-27,EXH4.DE,Indus. G&S,0,2.0395,1.4986,LEADING,4.1832,54.37
2026-08-27,EXH5.DE,Insurance,0,1.0866,-1.1616,WEAKENING,4.1832,54.37
2026-08-27,EXH6.DE,Media,0,1.2677,-0.9955,WEAKENING,4.1832,54.37
2026-08-27,EXH7.DE,Pers.& Household,1,-1.3603,-1.1774,LAGGING,4.1832,54.37
2026-08-27,EXH8.DE,Retail,0,0.789,-0.644,WEAKENING,4.1832,54.37
2026-08-27,EXH9.DE,Utilities,0,-1.9576,-0.9495,LAGGING,4.1832,54.37
2026-08-28,EXV1.DE,Banks,0,1.268,-0.1393,WEAKENING,3.4123,27.78
2026-08-28,EXV2.DE,Télécoms,0,-1.2826,0.0704,IMPROVING,3.4123,27.78
2026-08-28,EXV3.DE,Technology,0,0.5782,0.5977,LEADING,3.4123,27.78
2026-08-28,EXV4.DE,Health Care,1,-0.8503,-0.9484,LAGGING,3.4123,27.78
2026-08-28,EXV5.DE,Auto & Parts,0,-0.8621,0.4266,IMPROVING,3.4123,27.78
2026-08-28,EXV6.DE,Basic Resources,0,1.2417,1.767,LEADING,3.4123,27.78
2026-08-28,EXV7.DE,Chemicals,0,0.7537,-0.5746,WEAKENING,3.4123,27.78
2026-08-28,EXV8.DE,Construction,0,-1.5244,0.4538,IMPROVING,3.4123,27.78
2026-08-28,EXV9.DE,Travel & Leisure,0,-0.0977,-0.3262,LAGGING,3.4123,27.78
2026-08-28,EXH1.DE,Oil & Gas,0,-0.3691,-0.1172,LAGGING,3.4123,27.78
2026-08-28,EXH2.DE,Financial Svs,0,2.0366,0.1955,LEADING,3.4123,27.78
2026-08-28,EXH3.DE,Food & Beverage,1,-1.4233,-1.6449,LAGGING,3.4123,27.78
2026-08-28,EXH4.DE,Indus. G&S,0,1.8081,1.5096,LEADING,3.4123,27.78
2026-08-28,EXH5.DE,Insurance,0,1.2925,-0.8085,WEAKENING,3.4123,27.78
2026-08-28,EXH6.DE,Media,0,1.2584,-1.4186,WEAKENING,3.4123,27.78
2026-08-28,EXH7.DE,Pers.& Household,1,-1.0155,-0.8369,LAGGING,3.4123,27.78
2026-08-28,EXH8.DE,Retail,0,0.6595,-0.8121,WEAKENING,3.4123,27.78
2026-08-28,EXH9.DE,Utilities,0,-1.7672,-0.5903,LAGGING,3.4123,27.78
2026-08-31,EXV1.DE,Banks,0,1.3982,-0.4976,WEAKENING,3.0346,12.7
2026-08-31,EXV2.DE,Télécoms,0,-1.258,0.3814,IMPROVING,3.0346,12.7
2026-08-31,EXV3.DE,Technology,0,0.5051,0.3126,LEADING,3.0346,12.7
2026-08-31,EXV4.DE,Health Care,1,-1.1559,0.164,IMPROVING,3.0346,12.7
2026-08-31,EXV5.DE,Auto & Parts,0,-0.3447,1.2754,IMPROVING,3.0346,12.7
2026-08-31,EXV6.DE,Basic Resources,0,1.0057,1.238,LEADING,3.0346,12.7
2026-08-31,EXV7.DE,Chemicals,0,1.3492,0.4104,LEADING,3.0346,12.7
2026-08-31,EXV8.DE,Construction,0,-1.7418,-0.2596,LAGGING,3.0346,12.7
2026-08-31,EXV9.DE,Travel & Leisure,0,-0.2472,0.0374,IMPROVING,3.0346,12.7
2026-08-31,EXH1.DE,Oil & Gas,0,-0.2864,-0.2342,LAGGING,3.0346,12.7
2026-08-31,EXH2.DE,Financial Svs,0,1.8623,0.6498,LEADING,3.0346,12.7
2026-08-31,EXH3.DE,Food & Beverage,1,-1.1662,-1.0568,LAGGING,3.0346,12.7
2026-08-31,EXH4.DE,Indus. G&S,0,0.7935,0.122,LEADING,3.0346,12.7
2026-08-31,EXH5.DE,Insurance,0,1.4377,-0.6307,WEAKENING,3.0346,12.7
2026-08-31,EXH6.DE,Media,0,1.1827,0.917,LEADING,3.0346,12.7
2026-08-31,EXH7.DE,Pers.& Household,1,-1.0663,-0.239,LAGGING,3.0346,12.7
2026-08-31,EXH8.DE,Retail,0,0.7368,-0.1621,WEAKENING,3.0346,12.7
2026-08-31,EXH9.DE,Utilities,0,-1.6275,-0.4645,LAGGING,3.0346,12.7
2026-09-01,EXV1.DE,Banks,0,1.5035,-0.3173,WEAKENING,2.9178,9.52
2026-09-01,EXV2.DE,Télécoms,0,-1.2767,0.3638,IMPROVING,2.9178,9.52
2026-09-01,EXV3.DE,Technology,0,0.3043,0.1035,LEADING,2.9178,9.52
2026-09-01,EXV4.DE,Health Care,1,-0.7423,0.589,IMPROVING,2.9178,9.52
2026-09-01,EXV5.DE,Auto & Parts,0,-0.53,1.0622,IMPROVING,2.9178,9.52
2026-09-01,EXV6.DE,Basic Resources,0,0.8352,1.1197,LEADING,2.9178,9.52
2026-09-01,EXV7.DE,Chemicals,0,1.6782,0.6885,LEADING,2.9178,9.52
2026-09-01,EXV8.DE,Construction,0,-1.8103,-0.3198,LAGGING,2.9178,9.52
2026-09-01,EXV9.DE,Travel & Leisure,0,-0.5207,-0.1586,LAGGING,2.9178,9.52
2026-09-01,EXH1.DE,Oil & Gas,0,0.0419,-0.031,WEAKENING,2.9178,9.52
2026-09-01,EXH2.DE,Financial Svs,0,1.6829,0.4157,LEADING,2.9178,9.52
2026-09-01,EXH3.DE,Food & Beverage,1,-1.0395,-0.9776,LAGGING,2.9178,9.52
2026-09-01,EXH4.DE,Indus. G&S,0,0.068,-0.3714,WEAKENING,2.9178,9.52
2026-09-01,EXH5.DE,Insurance,0,1.6959,-0.3693,WEAKENING,2.9178,9.52
2026-09-01,EXH6.DE,Media,0,1.0259,0.7635,LEADING,2.9178,9.52
2026-09-01,EXH7.DE,Pers.& Household,1,-1.069,-0.2409,LAGGING,2.9178,9.52
2026-09-01,EXH8.DE,Retail,0,0.6084,-0.2535,WEAKENING,2.9178,9.52
2026-09-01,EXH9.DE,Utilities,0,-1.7433,-0.5666,LAGGING,2.9178,9.52
