run_date,sid,label,role,rs,mom,quad,disp,disp_pct
2026-08-19,XLK,Technology,AI,0.5306,-0.2494,WEAKENING,3.3524,39.68
2026-08-19,XLC,Comm Services,AI,-1.2069,-0.1198,LAGGING,3.3524,39.68
2026-08-19,XLY,Cons. Discret.,AI,-1.0373,1.0667,IMPROVING,3.3524,39.68
2026-08-19,XLV,Health Care,ROT,1.4759,1.2975,LEADING,3.3524,39.68
2026-08-19,XLP,Cons. Staples,ROT,-0.6921,-0.0292,LAGGING,3.3524,39.68
2026-08-19,XLF,Financials,ROT,0.6443,-0.1653,WEAKENING,3.3524,39.68
2026-08-19,XLI,Industrials,ROT,-0.8365,-0.2933,LAGGING,3.3524,39.68
2026-08-19,XLE,Energy,,0.5532,0.4879,LEADING,3.3524,39.68
2026-08-19,XLU,Utilities,,-1.3307,-0.6274,LAGGING,3.3524,39.68
2026-08-19,XLB,Materials,,-0.801,0.5378,IMPROVING,3.3524,39.68
2026-08-19,XLRE,Real Estate,,-1.2077,-1.1317,LAGGING,3.3524,39.68
2026-08-24,XLK,Technology,AI,0.3113,-0.5862,WEAKENING,3.9632,56.75
2026-08-24,XLC,Comm Services,AI,-0.9095,1.4726,IMPROVING,3.9632,56.75
2026-08-24,XLY,Cons. Discret.,AI,-0.855,3.0166,IMPROVING,3.9632,56.75
2026-08-24,XLV,Health Care,ROT,1.5299,0.8339,LEADING,3.9632,56.75
2026-08-24,XLP,Cons. Staples,ROT,-0.2885,0.5403,IMPROVING,3.9632,56.75
2026-08-24,XLF,Financials,ROT,1.263,0.0669,LEADING,3.9632,56.75
2026-08-24,XLI,Industrials,ROT,-1.0919,-1.208,LAGGING,3.9632,56.75
2026-08-24,XLE,Energy,,0.5299,0.1817,LEADING,3.9632,56.75
2026-08-24,XLU,Utilities,,-1.3772,-1.2093,LAGGING,3.9632,56.75
2026-08-24,XLB,Materials,,-0.167,0.601,IMPROVING,3.9632,56.75
2026-08-24,XLRE,Real Estate,,-0.6221,-1.2493,LAGGING,3.9632,56.75
2026-08-25,XLK,Technology,AI,0.3828,-0.3115,WEAKENING,3.7312,52.78
2026-08-25,XLC,Comm Services,AI,-0.8326,1.2266,IMPROVING,3.7312,52.78
2026-08-25,XLY,Cons. Discret.,AI,-0.9982,2.1165,IMPROVING,3.7312,52.78
2026-08-25,XLV,Health Care,ROT,1.5312,0.7395,LEADING,3.7312,52.78
2026-08-25,XLP,Cons. Staples,ROT,-0.5538,-0.0993,LAGGING,3.7312,52.78
2026-08-25,XLF,Financials,ROT,1.1963,-0.2132,WEAKENING,3.7312,52.78
2026-08-25,XLI,Industrials,ROT,-1.2948,-1.4268,LAGGING,3.7312,52.78
2026-08-25,XLE,Energy,,0.2306,0.2006,LEADING,3.7312,52.78
2026-08-25,XLU,Utilities,,-1.3683,-1.012,LAGGING,3.7312,52.78
2026-08-25,XLB,Materials,,-0.2242,0.4914,IMPROVING,3.7312,52.78
2026-08-25,XLRE,Real Estate,,-0.698,-1.1788,LAGGING,3.7312,52.78
2026-08-26,XLK,Technology,AI,0.457,0.17,LEADING,3.6168,49.21
2026-08-26,XLC,Comm Services,AI,-0.8873,0.5921,IMPROVING,3.6168,49.21
2026-08-26,XLY,Cons. Discret.,AI,-1.148,1.2375,IMPROVING,3.6168,49.21
2026-08-26,XLV,Health Care,ROT,1.3185,0.1479,LEADING,3.6168,49.21
2026-08-26,XLP,Cons. Staples,ROT,-0.596,-0.5806,LAGGING,3.6168,49.21
2026-08-26,XLF,Financials,ROT,1.1644,-0.4829,WEAKENING,3.6168,49.21
2026-08-26,XLI,Industrials,ROT,-0.9107,-0.9843,LAGGING,3.6168,49.21
2026-08-26,XLE,Energy,,0.3163,0.437,LEADING,3.6168,49.21
2026-08-26,XLU,Utilities,,-1.2848,-0.8503,LAGGING,3.6168,49.21
2026-08-26,XLB,Materials,,-0.1682,0.1654,IMPROVING,3.6168,49.21
2026-08-26,XLRE,Real Estate,,-0.8863,-1.4262,LAGGING,3.6168,49.21
2026-08-27,XLK,Technology,AI,0.7805,0.8094,LEADING,3.1248,28.17
2026-08-27,XLC,Comm Services,AI,-1.122,-0.3437,LAGGING,3.1248,28.17
2026-08-27,XLY,Cons. Discret.,AI,-1.584,0.0722,IMPROVING,3.1248,28.17
2026-08-27,XLV,Health Care,ROT,0.9324,-0.3731,WEAKENING,3.1248,28.17
2026-08-27,XLP,Cons. Staples,ROT,-1.0105,-1.5468,LAGGING,3.1248,28.17
2026-08-27,XLF,Financials,ROT,0.7452,-0.778,WEAKENING,3.1248,28.17
2026-08-27,XLI,Industrials,ROT,-1.4236,-0.9194,LAGGING,3.1248,28.17
2026-08-27,XLE,Energy,,0.1748,-0.0142,WEAKENING,3.1248,28.17
2026-08-27,XLU,Utilities,,-1.4492,-1.0661,LAGGING,3.1248,28.17
2026-08-27,XLB,Materials,,-0.5085,-0.2814,LAGGING,3.1248,28.17
2026-08-27,XLRE,Real Estate,,-1.4423,-2.2974,LAGGING,3.1248,28.17
2026-08-31,XLK,Technology,AI,0.6655,0.1676,LEADING,4.0013,57.94
2026-08-31,XLC,Comm Services,AI,-0.9749,0.9601,IMPROVING,4.0013,57.94
2026-08-31,XLY,Cons. Discret.,AI,-1.2492,-0.1467,LAGGING,4.0013,57.94
2026-08-31,XLV,Health Care,ROT,0.9846,0.5274,LEADING,4.0013,57.94
2026-08-31,XLP,Cons. Staples,ROT,-0.8926,-0.1115,LAGGING,4.0013,57.94
2026-08-31,XLF,Financials,ROT,0.8594,-0.2328,WEAKENING,4.0013,57.94
2026-08-31,XLI,Industrials,ROT,-1.8848,-1.1331,LAGGING,4.0013,57.94
2026-08-31,XLE,Energy,,0.6266,0.4317,LEADING,4.0013,57.94
2026-08-31,XLU,Utilities,,-1.6184,-0.7511,LAGGING,4.0013,57.94
2026-08-31,XLB,Materials,,-0.6059,0.8545,IMPROVING,4.0013,57.94
2026-08-31,XLRE,Real Estate,,-1.5947,-1.1537,LAGGING,4.0013,57.94
2026-09-01,XLK,Technology,AI,0.5147,-0.0316,WEAKENING,4.4354,67.46
2026-09-01,XLC,Comm Services,AI,-0.964,0.5537,IMPROVING,4.4354,67.46
2026-09-01,XLY,Cons. Discret.,AI,-1.4124,-0.6411,LAGGING,4.4354,67.46
2026-09-01,XLV,Health Care,ROT,1.2502,1.0562,LEADING,4.4354,67.46
2026-09-01,XLP,Cons. Staples,ROT,-0.5643,0.7585,IMPROVING,4.4354,67.46
2026-09-01,XLF,Financials,ROT,1.0109,0.049,LEADING,4.4354,67.46
2026-09-01,XLI,Industrials,ROT,-2.0164,-1.3453,LAGGING,4.4354,67.46
2026-09-01,XLE,Energy,,0.7953,0.8608,LEADING,4.4354,67.46
2026-09-01,XLU,Utilities,,-1.5013,-0.4199,LAGGING,4.4354,67.46
2026-09-01,XLB,Materials,,-0.6143,0.9415,IMPROVING,4.4354,67.46
2026-09-01,XLRE,Real Estate,,-1.4714,-0.6823,LAGGING,4.4354,67.46
